{"cameraMode":{"drawMode":0,"name":"Shaded","section":"Shading Mode"},"sceneLighting":true,"audioPlay":false,"sceneViewState":{"m_AlwaysRefresh":false,"showFog":true,"showSkybox":true,"showFlares":true,"showImageEffects":true,"showParticleSystems":true,"showVisualEffectGraphs":true,"m_FxEnabled":true},"in2DMode":false,"pivot":{"x":0.12563753128051759,"y":-0.06461584568023682,"z":-0.07885777950286865},"rotation":{"x":-0.08645874261856079,"y":0.9014925956726074,"z":-0.21232427656650544,"w":-0.36708909273147585},"size":6.705738544464111,"orthographic":false}